CODIGO;DESCRIPCION;UNIDAD;COSTO_PROMEDIO_BS;COSTO_PROMEDIO_$;ENTRADA;SALIDA;EXISTENCIA;CATEGORIA;ESTADO
CON-0001;AMBIENTADORES;UND;;9.10;4;4;0;CONSUMIBLES;ACTIVO
HER-0001;ASPIRADORA INDUSTRIAL RIDGID;UND;;495.92;1;0;1;HERRAMIENTAS;ACTIVO
HER-0002;ARNES DE SEGURIDAD;UND;;55.00;4;2;2;HERRAMIENTAS;ACTIVO
CON-0002;ACEITE 15W-40 PARA MOTOR MARCA LUBRIC MOK;LITRO;;0;1;1;0;CONSUMIBLES;ACTIVO
CON-0003;ACEITE CASTROL 10W-30;LITRO;;0;1;0;1;CONSUMIBLES;ACTIVO
PIN-0001;PINTURA AV2000 MONTAFIX SATINADO A0647;GALON;;26.46;14;14;0;PINTURA;ACTIVO
MAT-0001;"ARANDELA PLANA DE 1/2""";UND;;0;40;40;0;MATERIALES;ACTIVO
MAT-0002;ARENA LAVADA (SACO);SACO;;0.69;56;56;0;MATERIALES;ACTIVO
ELE-0001;"ADAPTADOR EMT MACHO 1/2""";UND;;18.00;45;13;32;ELECTRICIDAD;ACTIVO
ELE-0002;"ABRAZADERAS EMT 3/4"" DE DOS PATAS";UND;;2.50;3;0;3;ELECTRICIDAD;ACTIVO
MAT-0003;ALAMBRE (ROLLO);ROLLO;;3.79;19;19;0;MATERIALES;ACTIVO
MAT-0004;ARANDELA PLANA 5/8 4MM;UND;;4.90;120;120;0;MATERIALES;ACTIVO
MAT-0005;ARENA LAVADA (MTRS);M3;;12.17;6.7;6.7;0;MATERIALES;ACTIVO
MAT-0006;ARENA CERNIDA (BOLSA);SACO;;3.22;67;46;21;MATERIALES;ACTIVO
ELE-0003;ABRAZADERA 1 PATA EMT 3/4;UND;;2.70;51;51;0;ELECTRICIDAD;ACTIVO
MAT-0007;ARENA CERNIDA MT3;M3;;24.34;6.5;6.5;0;MATERIALES;ACTIVO
HER-0003;"ARCO PARA SEGUETA 12""";UND;;5.00;1;1;0;HERRAMIENTAS;ACTIVO
ELE-0004;APAGADOR SENCILLO TROEN;UND;;2.50;12;3;9;ELECTRICIDAD;ACTIVO
ELE-0005;APAGADOR DOBLE TROEN;UND;;2.50;7;1;6;ELECTRICIDAD;ACTIVO
PLO-0001;"ADAPTADOR PVC MACHO DE 1""";UND;;2.88;1;1;0;PLOMERIA;ACTIVO
PLO-0002;"ADAPTADOR HEMBRA A/F 1/2""";UND;;6.57;2;2;0;PLOMERIA;ACTIVO
MAT-0008;ALAMBRE LISO;ROLLO;;3.45;33;33;0;MATERIALES;ACTIVO
PIN-0002;ADESI-TOP HIDROFIGO #205;GALON;;0;1;1;0;PINTURA;ACTIVO
ELE-0006;"ADAPTADOR DE ELECTRICIDAD 1""";UND;;1.80;1;1;0;ELECTRICIDAD;ACTIVO
ELE-0007;APAGADORES DOBLE;UND;;9.40;40;35;5;ELECTRICIDAD;ACTIVO
ELE-0008;APAGADORES TRIPLES;UND;;9.74;6;3;3;ELECTRICIDAD;ACTIVO
MAT-0009;ANGULOS GALVANIZADOS DE HIERRO;BARRA;;35.80;10;10;0;MATERIALES;ACTIVO
PLO-0003;"ANILLO 3/4X1/2"" DE A/F";UND;;0.46;3;3;0;PLOMERIA;ACTIVO
MAT-0010;ANGULOS DE ALUMINIO PARA PORTABORRADORES 2X1X1/16;BARRA;;49.00;4;4;0;MATERIALES;ACTIVO
MAT-0011;ANGULO 3/4X3/4 NATURAL;BARRA;;23.00;39;39;0;MATERIALES;ACTIVO
PLO-0004;ASPERSOR DE RIEGO;UND;;7.38;30;13;17;PLOMERIA;ACTIVO
PLO-0005;ABRAZADERA PVC;UND;;2.61;8;8;0;PLOMERIA;ACTIVO
MAT-0012;ANGULO BLANCO;BARRA;;10.00;10;10;0;MATERIALES;ACTIVO
ELE-0009;"ABRAZADERA 1/2"" UNA PATA";UND;;5.60;137;89;48;ELECTRICIDAD;ACTIVO
HER-0004;ASPIRADORA;UND;;0;1;0;1;HERRAMIENTAS;ACTIVO
MAT-0013;ANGULOS DE ALUMINIO;BARRA;;25.00;156;143;13;MATERIALES;ACTIVO
ELE-0010;ANILLO 3/4 EMT;UND;;2.00;50;26;24;ELECTRICIDAD;ACTIVO
ELE-0011;"ANILLOS 1"" EMT";UND;;2.00;9;3;6;ELECTRICIDAD;ACTIVO
ELE-0012;ANILLOS 1/2 EMT;UND;;2.00;33;5;28;ELECTRICIDAD;ACTIVO
ELE-0013;ALARMAS ANTI-INCENDIOS;UND;;25.00;3;0;3;ELECTRICIDAD;ACTIVO
HER-0005;ALICATE MANUAL;UND;;5.25;1;1;0;HERRAMIENTAS;ACTIVO
ELE-0014;APAGADORES SENCILLOS;UND;;6.16;22;22;0;ELECTRICIDAD;ACTIVO
HER-0006;ASPIRADORA RIGID;UND;;400.00;1;0;1;HERRAMIENTAS;ACTIVO
HER-0007;ASPIRADORA ERGORAPIDO PEQUEÑA;UND;;650.00;1;0;1;HERRAMIENTAS;ACTIVO
MAT-0014;AQUAPEL 2 GRIS SACO 12KG;SACO;;0.29;1;0.5;0.5;MATERIALES;ACTIVO
CON-0004;ESTOPA;KG;;10.00;5;5;0;CONSUMIBLES;ACTIVO
MAT-0015;ANGULO HN 30X30X3MMX6MTS;BARRA;;19.26;7;7;0;MATERIALES;ACTIVO
CON-0005;BOLSAS DE PAPELERA;UND;;0.05;143;132;11;CONSUMIBLES;ACTIVO
PIN-0003;1/4 BARNIZ SELLADOR NITRO ABRACOL;GALON;;19.00;1.5;1;0.5;PINTURA;ACTIVO
PIN-0004;BANDEJA DE RODILLO GRANDE;UND;;8.16;3;0;3;PINTURA;ACTIVO
PIN-0005;BANDEJA DE RODILLO PEQUEÑA;UND;;3.47;1;0;1;PINTURA;ACTIVO
PIN-0006;"BROCHAS 5"" USADAS";UND;;9.46;5;5;0;PINTURA;ACTIVO
PIN-0007;BARNIZ MARCA REINCO;GALON;;40.00;1;1;0;PINTURA;ACTIVO
PIN-0008;BARNIZ NATURAL MATE MENEQUIN 1/4;GALON;;40.00;1;0;1;PINTURA;ACTIVO
PIN-0009;BLANCO SATINADO ESMALTE;GALON;;45.00;4;2;2;PINTURA;ACTIVO
MAT-0016;BISAGRAS CUADRADAS PARA PUERTAS;UND;;10.88;44;15;29;MATERIALES;ACTIVO
HER-0008;BOTAS DE SEGURIDAD;PAR;;16.26;7;7;0;HERRAMIENTAS;ACTIVO
MAT-0017;BASE DE ANCLAJE 30X30X8MM;UND;;12.83;20;20;0;MATERIALES;ACTIVO
MAT-0018;BARRA ROSCADA 5/8X2MTRS;BARRA;;3.80;4;4;0;MATERIALES;ACTIVO
MAT-0019;BASE DE ANCLAJE 24X24X8MM;UND;;0;10;10;0;MATERIALES;ACTIVO
HER-0009;BATEA;UND;;20.00;2;2;0;HERRAMIENTAS;ACTIVO
MAT-0020;BASE DE ANCLAJE 30X30X12MM;UND;;0;10;10;0;MATERIALES;ACTIVO
MAT-0021;BLOQUE DE ARCILLA N15;UND;;0.60;506;506;0;MATERIALES;ACTIVO
MAT-0022;BASES DE MICROFONOS PARA PODIO;UND;;0;4;0;4;MATERIALES;ACTIVO
PIN-0010;BRILLO DE SEDA BLANCO;GALON;;59.48;1;0.5;0.5;PINTURA;ACTIVO
MAT-0023;BRAZO HIDRAULICO PARA PUERTA;UND;;4.00;13;12;1;MATERIALES;ACTIVO
PIN-0011;BLANCO SATINADO CAUCHO;GALON;;38.77;3;3;0;PINTURA;ACTIVO
PIN-0012;BRILLO DE SEDA SOFITO A+B;GALON;;54.69;1;0;1;PINTURA;ACTIVO
PIN-0013;BRILLO DE SEDA BASE PASTEL CASA DE WILSON;GALON;;36.00;1;0;1;PINTURA;ACTIVO
PIN-0014;BLANCO DURAZNO BRILLO DE SEDA;GALON;;36.00;0;0;0;PINTURA;ACTIVO
PIN-0015;BASE PASTEL CAUCHO CASA WILSON;GALON;;36.00;1;0;1;PINTURA;ACTIVO
PIN-0016;BLANCO MODERNO COD 6126;GALON;;36.00;0;0;0;PINTURA;ACTIVO
ELE-0015;BOMBILLOS LED 12W;UND;;2.00;10;10;0;ELECTRICIDAD;ACTIVO
MAT-0024;BALDOSA LIVORCO BRILLANTE 59.4X5;CAJA;;39.65;241;241;0;MATERIALES;ACTIVO
HER-0010;BATIDORA;UND;;0;1;1;0;HERRAMIENTAS;ACTIVO
PLO-0006;BOMBA 1/2 HP;UND;;0;1;0;1;PLOMERIA;ACTIVO
ELE-0016;BASE DE FOTOCELDA;UND;;8.00;27;25;2;ELECTRICIDAD;ACTIVO
ELE-0017;BOMBILLO DICROICO;UND;;3.00;19;0;19;ELECTRICIDAD;ACTIVO
ELE-0018;BALASTRO 24W;UND;;2.00;3;0;3;ELECTRICIDAD;ACTIVO
PLO-0007;BOLA FLOTANTE;UND;;2.50;3;0;3;PLOMERIA;ACTIVO
PLO-0008;BRAZO DE DUCHA 45°;UND;;3.25;5;0;5;PLOMERIA;ACTIVO
ELE-0019;BALASTRO 48W;UND;;5.00;9;0;9;ELECTRICIDAD;ACTIVO
PIN-0017;"BROCHA 2""";UND;;2.50;26;22;4;PINTURA;ACTIVO
CON-0006;BOBINA DE PAPEL CRAFT NUEVA;ROLLO;;30.21;6;2;4;CONSUMIBLES;ACTIVO
HER-0011;BRAGAS;UND;;36.00;17;0;17;HERRAMIENTAS;ACTIVO
PIN-0018;"BROCHAS 5""";UND;;6.00;42;36;6;PINTURA;ACTIVO
PIN-0019;"BROCHAS 3""";UND;;2.07;10;10;1;PINTURA;ACTIVO
PIN-0020;"BROCHAS 1""";UND;;1.25;4;4;0;PINTURA;ACTIVO
MAT-0025;BASE PARA TELEVISOR CON RUEDAS;UND;;95.89;1;0;1;MATERIALES;ACTIVO
ELE-0020;BOMBILLOS LED LARGOS;UND;;3.48;54;51;3;ELECTRICIDAD;ACTIVO
ELE-0021;BREAKERS SENCILLO 30AMP;UND;;9.09;6;0;6;ELECTRICIDAD;ACTIVO
ELE-0022;BREAKERS DOBLES 50AMP;UND;;12.67;3;0;3;ELECTRICIDAD;ACTIVO
ELE-0023;BREAKERS SENCILLOS 20AMP;UND;;2.73;4;0;4;ELECTRICIDAD;ACTIVO
CON-0007;BOLSAS NEGRAS;UND;;0.48;73;43;20;CONSUMIBLES;ACTIVO
ELE-0024;BATERIA ALCALINA 9V MAXELL;UND;;0;1;1;0;ELECTRICIDAD;ACTIVO
ELE-0025;BATERIAS AA;UND;;1.00;2;2;0;ELECTRICIDAD;ACTIVO
ELE-0026;BOMBILLOS AHORRADORES LED 9W;UND;;4.12;6;6;0;ELECTRICIDAD;ACTIVO
HER-0012;BOTAS PLASTICAS;PAR;;15.00;7;0;7;HERRAMIENTAS;ACTIVO
PIN-0021;"BROCHA DE 4""";UND;;8.50;26;18;12;PINTURA;ACTIVO
MAT-0037;CERAMICA 1.20 X 60;UND;;22.00;14;0;14;MATERIALES;ACTIVO
CON-0016;CABLE THW 14;MTR;;1.15;0;15;0;CONSUMIBLES;ACTIVO
CON-0017;CABLE THW 12;MTR;;1.25;0;41;0;CONSUMIBLES;ACTIVO
CON-0018;"CAMISAS MINIROLLER GOMA ESPUMA 2""";UND;;0.80;20;2;18;CONSUMIBLES;ACTIVO
CON-0019;"CAMISAS RODILLO MINIROLLER GOMA ESPUMA 4""";UND;;5.50;6;6;0;CONSUMIBLES;ACTIVO
PLO-0009;COBERTEX DE PISOS 3.79 LTS;GALON;;80.00;7.5;0;7.5;PLOMERIA;ACTIVO
PLO-0010;COLADOR PLASTICO BLANCO;UND;;2.50;1;0;1;PLOMERIA;ACTIVO
PLO-0011;CUÑETE PINTURA GRIS CONCRETO;CUÑETE;;90.00;1;1;0;PLOMERIA;ACTIVO
CON-0020;CUÑETE PINTURA ROJA IMPERMEABILIZANTE;CUÑETE;;176.58;1;0;1;CONSUMIBLES;ACTIVO
PLO-0012;CUÑETE PINTURA IMPERMEABILIZANTE TERRACOTA;CUÑETE;;176.58;1;0;1;PLOMERIA;ACTIVO
PLO-0013;COLOR LADRILLO CAUCHO;GALON;;35.32;3;0;3;PLOMERIA;ACTIVO
ELE-0027;"CLAVO ACERO 1"" (100 UND)";CAJA;;4.93;5;5;0;ELECTRICIDAD;ACTIVO
ELE-0028;CEMENTO GRIS 42.50KG;SACO;;19.00;217;162;45;ELECTRICIDAD;ACTIVO
CON-0021;CAMISAS NEGRAS TALLA XL;UND;;4.93;78;15;63;CONSUMIBLES;ACTIVO
CON-0022;CAMISAS NEGRAS TALLA L;UND;;4.93;76;25;51;CONSUMIBLES;ACTIVO
CON-0023;CORREDERA TELESCOPICA;UND;;7.00;29;26;3;CONSUMIBLES;ACTIVO
HER-0013;"CODO A/F 90° 1/2""";UND;;6.50;10;10;0;HERRAMIENTAS;ACTIVO
HER-0014;"CONECTOR MACHO 1/2"" A/F";UND;;0.46;2;2;0;HERRAMIENTAS;ACTIVO
HER-0015;SOPORTES DE PIZARRA;UND;;2.15;4;4;0;HERRAMIENTAS;ACTIVO
ELE-0029;"CONECTOR MACHO 1""";UND;;2.00;36;0;36;ELECTRICIDAD;ACTIVO
ELE-0030;CABILLA ESTRIADA 10MM X 12M;BARRA;;19.99;92;92;0;ELECTRICIDAD;ACTIVO
ELE-0031;CABILLA ESTRIADA 12MM X 12M;BARRA;;10.00;138;138;0;ELECTRICIDAD;ACTIVO
MAT-0038;CABILLA ESTRIADA 1/2 X 6M;BARRA;;10.00;70;70;0;MATERIALES;ACTIVO
PLO-0014;CABILLA ESTRIADA 3/8 X 6M;BARRA;;10.00;45;45;0;PLOMERIA;ACTIVO
PLO-0015;CABILLA 5/8 X 12M;BARRA;;50.00;13;13;0;PLOMERIA;ACTIVO
PLO-0016;CAL EN POLVO 5KG;SACO;;11.00;2;2;0;PLOMERIA;ACTIVO
PLO-0017;"CLAVOS 2 1/2"" X12";CAJA;;0;8;8;0;PLOMERIA;ACTIVO
PLO-0018;"CLAVOS 2"" X12 PUNTA PARIS";CAJA;;0;5;5;0;PLOMERIA;ACTIVO
PLO-0019;"CODO 90° 1""";UND;;2.88;6;6;0;PLOMERIA;ACTIVO
PLO-0020;"CODO PVC A/F 45° 1/2""";UND;;2.30;13;12;1;PLOMERIA;ACTIVO
PLO-0021;"CODO A/N 90° 4""";UND;;3.00;4;4;0;PLOMERIA;ACTIVO
PLO-0022;"CODO A/F 90° 3/4""";UND;;3.00;10;10;0;PLOMERIA;ACTIVO
PLO-0023;"CADENA GALVANIZADA 1/2""";MTR;;22.00;1;0;1;PLOMERIA;ACTIVO
PLO-0024;CANDADO ANTICIZALLA 90MM;UND;;30.00;2;2;0;PLOMERIA;ACTIVO
PLO-0025;CERCHA 10CM X 6M;UND;;0;6;6;0;PLOMERIA;ACTIVO
PLO-0026;CERCHA 15CM X 6M;UND;;0;2;2;0;PLOMERIA;ACTIVO
PLO-0027;CODO A/N 50MM X 45°;UND;;2.00;1;1;0;PLOMERIA;ACTIVO
PLO-0028;CEMENTO VERDE 31953;UND;;0;1;1;0;PLOMERIA;ACTIVO
PLO-0029;CAJETIN CUADRADO 3/4 4X4 PLASTICO;UND;;2.00;18;18;0;PLOMERIA;ACTIVO
PLO-0030;CANALETA 20X10 2M;UND;;0;2;2;0;PLOMERIA;ACTIVO
PLO-0031;CANILLA PCP POCETA 1/2 X 5/8;UND;;3.16;1;1;0;PLOMERIA;ACTIVO
PLO-0032;"CEPILLO TALADRO 3""";UND;;5.00;2;2;0;PLOMERIA;ACTIVO
PLO-0033;"CEPILLO ALAMBRE ESMERIL 4""";UND;;5.50;2;2;0;PLOMERIA;ACTIVO
PLO-0034;"CEPILLO TALADRO 3""";UND;;4.50;4;4;0;PLOMERIA;ACTIVO
PLO-0035;"CLAVO DULCE 1 1/2"" X 14""";CAJA;;0.05;5;5;0;PLOMERIA;ACTIVO
MAT-0039;CAMISA NEGRA TALLA M;UND;;4.93;12;12;0;MATERIALES;ACTIVO
MAT-0040;CAMISA NEGRA TALLA 2XL;UND;;4.93;2;2;0;MATERIALES;ACTIVO
MAT-0041;"CLAVO ACERO RANURADO 3""";CAJA;;9.99;22;22;0;MATERIALES;ACTIVO
MAT-0042;CABILLAS ESTRIADAS 10MM X 6M;BARRA;;0;130;130;0;MATERIALES;ACTIVO
MAT-0043;CABILLAS ESTRIADAS 12MM X 6M;BARRA;;0;30;30;0;MATERIALES;ACTIVO
MAT-0044;CABILLAS ESTRIADAS 16MM X 6M;BARRA;;0;15;15;0;MATERIALES;ACTIVO
MAT-0045;CINTA SEGURIDAD PELIGRO 100M;ROLLO;;0;1;1;0;MATERIALES;ACTIVO
MAT-0046;CERRADURA CASTOR 5.2MM X 22MM;UND;;4.00;4;4;0;MATERIALES;ACTIVO
MAT-0047;"CODO 2"" 90°";UND;;1.72;4;4;0;MATERIALES;ACTIVO
MAT-0048;CHUPON DE BOBINA;UND;;3.00;7;0;7;MATERIALES;ACTIVO
MAT-0049;CINTA MALLA DRYWALL;ROLLO;;5.43;2;0;2;MATERIALES;ACTIVO
PIN-0022;CERRADURA GAVETA BEST VALUE 600;UND;;0;4;4;0;PINTURA;ACTIVO
PIN-0023;"CODO ALTA PRESION 1/2""";UND;;2.50;2;2;0;PINTURA;ACTIVO
PIN-0024;"CURVA PVC 1/2""";UND;;2.50;12;12;0;PINTURA;ACTIVO
PIN-0025;"CODO 2"" 45°";UND;;1.42;2;2;0;PINTURA;ACTIVO
PIN-0026;CERRADURA BLINDADA NUEVA;UND;;1.50;1;0;1;PINTURA;ACTIVO
PIN-0027;OREJA PARA CANDADO 1-1/4 X 3/16;UND;;63.00;2;2;0;PINTURA;ACTIVO
PLO-0036;CERAMICA BLANCA 25X40;UND;;20.93;3;3;0;PLOMERIA;ACTIVO
CON-0024;CHAPA OKURE 2.10 X 0.80;UND;;0.15;1;1;0;CONSUMIBLES;ACTIVO
PIN-0028;CUARZO GRIS CLARO JUMBO 3.20X1.80X12MM;UND;;340.00;1;1;0;PINTURA;ACTIVO
CON-0025;CINTA PVC NO ADHESIVA AIRE ACONDICIONADO;ROLLO;;1.47;15;15;0;CONSUMIBLES;ACTIVO
MAT-0050;CHAPA OKUME 1.22X2.44 3MM;UND;;26.00;2;2;0;MATERIALES;ACTIVO
ELE-0032;CERRADURA PALANCA BAÑO;UND;;31.00;11;11;0;ELECTRICIDAD;ACTIVO
MAT-0051;"CLAVO ACERO 3/4"" 100UND";CAJA;;3.39;3;3;0;MATERIALES;ACTIVO
CON-0026;CODO PVC 1/2 X 45 A/F;UND;;0.28;5;5;0;CONSUMIBLES;ACTIVO
CON-0027;CEDRO 2.44X1.52X12MM;UND;;35.00;26;26;0;CONSUMIBLES;ACTIVO
CON-0028;COLADOR PARA PINTURA (10 UND);PAQ;;1.18;1;1;0;CONSUMIBLES;ACTIVO
MAT-0052;"CLAVOS ACERO LISO 1""";CAJA;;4.16;1;1;0;MATERIALES;ACTIVO
CON-0029;CEDRO 2.30X14X2.5MM;UND;;18.00;2;2;0;CONSUMIBLES;ACTIVO
CON-0030;CUERPOS DE ANDAMIOS;UND;;0;5;0;5;CONSUMIBLES;ACTIVO
CON-0031;CROMATO DE ZINC VERDE;UND;;12.00;24;20;4;CONSUMIBLES;ACTIVO
CON-0032;CATALIZADOR 1/4;UND;;0;3;0;3;CONSUMIBLES;ACTIVO
CON-0033;COLCHONETAS;UND;;0;19;17;2;CONSUMIBLES;ACTIVO
CON-0034;CERA AUTOBRILLANTE;LT;;0;23;0;23;CONSUMIBLES;ACTIVO
CON-0035;CENTROPISO PLATEADO;UND;;10.01;10;5;5;CONSUMIBLES;ACTIVO
CON-0036;CAJETIN OCTAGONAL;UND;;5.00;34;16;18;CONSUMIBLES;ACTIVO
CON-0037;CONECTOR 1/2 EMT;UND;;2.50;38;4;34;CONSUMIBLES;ACTIVO
CON-0038;CANILLA PLASTICA;UND;;2.00;4;0;4;CONSUMIBLES;ACTIVO
CON-0039;CENTROPISO DORADO;UND;;6.00;1;0;1;CONSUMIBLES;ACTIVO
CON-0040;CONTACTOR 30A;UND;;10.00;1;0;1;CONSUMIBLES;ACTIVO
CON-0041;CONTACTOR 40A;UND;;10.00;0;0;0;CONSUMIBLES;ACTIVO
CON-0042;CONTACTOR 3 POLOS 4 VOLTEOS;UND;;15.00;1;0;1;CONSUMIBLES;ACTIVO
CON-0043;CONECTOR PRESION 1/2 EMT;UND;;2.50;21;11;10;CONSUMIBLES;ACTIVO
CON-0044;CONECTOR MACHO 3/4 EMT;UND;;2.50;64;64;0;CONSUMIBLES;ACTIVO
CON-0045;COLADOR ENTRADA BOMBA;UND;;5.00;5;0;5;CONSUMIBLES;ACTIVO
CON-0046;CANILLAS DE ACERO;UND;;5.00;10;0;10;CONSUMIBLES;ACTIVO
CON-0047;CONDENSADORA ARRANQUE;UND;;12.00;1;0;1;CONSUMIBLES;ACTIVO
CON-0048;CINTAS LED;UND;;28.00;53;0;53;CONSUMIBLES;ACTIVO
CON-0049;CEPILLOS ALAMBRE NUEVO;UND;;3.00;3;3;0;CONSUMIBLES;ACTIVO
CON-0050;CURVAS EMT 3/4 90°;UND;;1.00;21;19;2;CONSUMIBLES;ACTIVO
CON-0051;"CURVAS PLASTICAS 1""";UND;;2.30;2;2;0;CONSUMIBLES;ACTIVO
CON-0052;CAJETINES ELECTRICIDAD 4X2;UND;;1.36;19;19;0;CONSUMIBLES;ACTIVO
ELE-0033;CASCOS AZULES;UND;;5.00;40;8;32;ELECTRICIDAD;ACTIVO
CON-0053;CASCOS GRISES;UND;;5.00;3;0;3;CONSUMIBLES;ACTIVO
CON-0054;CAMISA RODILLO PARED TEXTURIZADA;UND;;4.92;15;10;5;CONSUMIBLES;ACTIVO
ELE-0034;CAMISAS DE RODILLO TIPO ESMALTE;UND;;2.00;5;5;0;ELECTRICIDAD;ACTIVO
ELE-0035;CEPILLOS DE ALAMBRE USADOS;UND;;2.50;4;0;4;ELECTRICIDAD;ACTIVO
ELE-0036;"CURVAS DE METAL 1""";UND;;2.00;4;1;3;ELECTRICIDAD;ACTIVO
ELE-0037;"CURVAS DE METAL 3/4""";UND;;5.00;3;0;3;ELECTRICIDAD;ACTIVO
ELE-0038;CARTUCHO TONER STAMRPRINT;UND;;0;4;0;4;ELECTRICIDAD;ACTIVO
ELE-0039;CASCOS BLANCOS;UND;;5.00;12;0;12;ELECTRICIDAD;ACTIVO
ELE-0040;CASCOS VERDES;UND;;5.00;1;0;1;ELECTRICIDAD;ACTIVO
ELE-0041;CASCOS AMARILLOS;UND;;5.00;5;0;5;ELECTRICIDAD;ACTIVO
ELE-0042;CAMISA RODILLO PARED LISA;UND;;2.50;4;1;3;ELECTRICIDAD;ACTIVO
ELE-0043;CERRADURAS DE GAVETA;UND;;5.00;6;4;2;ELECTRICIDAD;ACTIVO
ELE-0044;CERRADURAS DE MUEBLE;UND;;4.00;14;0;14;ELECTRICIDAD;ACTIVO
ELE-0045;CORTAVIDRIOS;UND;;0;1;0;1;ELECTRICIDAD;ACTIVO
ELE-0046;CALIBRES FULMINANTES DRYWALL;CAJA;;1.80;80;0;80;ELECTRICIDAD;ACTIVO
CON-0055;CLAVOS CABEZA LISA;CAJA;;0.02;400;0;400;CONSUMIBLES;ACTIVO
CON-0056;CLAVOS DE ACERO;CAJA;;8.90;63;20;43;CONSUMIBLES;ACTIVO
CON-0057;CONECTORES RJ45 CAT5E 1/4;PAQ;;7.99;75;0;75;CONSUMIBLES;ACTIVO
CON-0058;CLAVOS FULMINANTES CON ARANDELA;CAJA;;0.08;7;0;7;CONSUMIBLES;ACTIVO
PLO-0037;"CLAVOS RANURADOS 2""";CAJA;;6.27;1183;15;1168;PLOMERIA;ACTIVO
PLO-0038;CEPILLOS CERDAS DURAS;UND;;5.00;13;0;13;PLOMERIA;ACTIVO
PLO-0039;CEPILLOS CERDAS SUAVES;UND;;5.00;11;4;7;PLOMERIA;ACTIVO
ELE-0047;CONECTORES EMT 3/4;UND;;2.63;4;3;1;ELECTRICIDAD;ACTIVO
ELE-0048;"CORNETAS 8"" TECHO USADAS";UND;;60.00;6;0;6;ELECTRICIDAD;ACTIVO
ELE-0049;CERRADURA MANILLA BLUEXPRESS 6411;UND;;2.70;80;47;33;ELECTRICIDAD;ACTIVO
PLO-0040;CUADROS DE PINTURA;UND;;0;5;5;0;PLOMERIA;ACTIVO
PLO-0041;CERROJO CILIN/MARIP ROSET/D;UND;;0;7;1;6;PLOMERIA;ACTIVO
CON-0059;"CURVA PVC 1/2""";UND;;8.00;3;3;0;CONSUMIBLES;ACTIVO
CON-0060;"CLAVOS PUNTA PARIS 1.5""";CAJA;;3.44;10;10;0;CONSUMIBLES;ACTIVO
CON-0061;CINTA ANTIRESBALANTE 3M;ROLLO;;12.64;1;1;0;CONSUMIBLES;ACTIVO
CON-0062;CEMENTO PLASTICO EDIL;GALON;;27.00;2;2;0;CONSUMIBLES;ACTIVO
CON-0063;"CEPILLO CIRCULAR ALAMBRE 5""";UND;;15.85;1;1;0;CONSUMIBLES;ACTIVO
CON-0064;CONECTOR HULE TIERRA;UND;;3.34;1;1;0;CONSUMIBLES;ACTIVO
MAT-0053;CAMISA DE RODILLO;UND;;3.69;4;1;3;MATERIALES;ACTIVO
MAT-0054;CABO MADERA 1.20M;UND;;1.76;1;1;0;MATERIALES;ACTIVO
MAT-0055;"CARRETERO 14"" SIN CABO";UND;;6.47;1;1;0;MATERIALES;ACTIVO
MAT-0056;CONECTOR HULE TIERRA;UND;;3.34;1;1;0;MATERIALES;ACTIVO
MAT-0057;CUCHARA ALBAÑIL;UND;;7.23;1;1;0;MATERIALES;ACTIVO
MAT-0058;CUÑETES 5 GAL BLANCO;UND;;30.33;20;0;20;MATERIALES;ACTIVO
MAT-0059;"CLAVOS DULCES 2.5""";CAJA;;5.94;1;1;0;MATERIALES;ACTIVO
MAT-0060;"CLAVOS 4"" X 8";CAJA;;5.94;1;1;0;MATERIALES;ACTIVO
MAT-0061;CAICO LISO;UND;;24.70;3;3;0;MATERIALES;ACTIVO
PLO-0042;DESINFECTANTE LITRO;LT;;1.62;15;4;11;PLOMERIA;ACTIVO
MAT-0062;"DISCOS CORTE CONCRETO 7""";UND;;6.50;37;37;0;MATERIALES;ACTIVO
MAT-0063;"DISCOS DESGASTE 7""";UND;;8.00;6;3;3;MATERIALES;ACTIVO
ELE-0050;DISPENSADORES PAPEL USADOS;UND;;20.00;20;0;20;ELECTRICIDAD;ACTIVO
ELE-0051;"DISCO DIAMANTADO 4.5""";UND;;5.04;6;6;0;ELECTRICIDAD;ACTIVO
ELE-0052;"DISCO CORTE MADERA 4.5"" ZASC";UND;;2.23;17;5;12;ELECTRICIDAD;ACTIVO
ELE-0053;DESAGUE FREGADERO PLASTICO CROMADO;UND;;7.39;3;3;0;ELECTRICIDAD;ACTIVO
ELE-0054;DUROLACK MATE REINCO;GALON;;40.00;10;10;0;ELECTRICIDAD;ACTIVO
ELE-0055;DISCO LIJAS 50PZ;PAQ;;0;1;1;0;ELECTRICIDAD;ACTIVO
ELE-0056;DESAGUE PISO PHUS OPEN;UND;;15.01;4;3;1;ELECTRICIDAD;ACTIVO
ELE-0057;"DISCO CORTE METAL 7"" 1/16";UND;;3.12;24;24;0;ELECTRICIDAD;ACTIVO
ELE-0058;"DISCO DESGASTE 4.5""";UND;;2.30;1;1;0;ELECTRICIDAD;ACTIVO
ELE-0059;"DISCO ESMERILAR 4.5""";UND;;1.70;1;1;0;ELECTRICIDAD;ACTIVO
ELE-0060;"DOBLA TUBO ALICATE 3/4""";UND;;116.64;1;1;0;ELECTRICIDAD;ACTIVO
ELE-0061;DRENAJE URINARIO;UND;;16.01;1;0;1;ELECTRICIDAD;ACTIVO
ELE-0062;"DISPENSADOR PAPEL 9""";UND;;35.00;3;3;0;ELECTRICIDAD;ACTIVO
ELE-0063;DISPENSADOR ESPIRAL ALL CLEAN;UND;;52.00;2;2;0;ELECTRICIDAD;ACTIVO
MAT-0064;DESENGRASANTE;LT;;4.28;2;1;1;MATERIALES;ACTIVO
MAT-0065;DESAGÜE LAVAMANOS;UND;;8.00;2;0;2;MATERIALES;ACTIVO
MAT-0066;DISPENSADOR JABON;UND;;55.00;8;8;0;MATERIALES;ACTIVO
CON-0065;DESVIADOR FREGADERO ACERO INOX;UND;;3.00;1;0;1;CONSUMIBLES;ACTIVO
ELE-0064;DESAGÜE LAVAMANOS ACERO;UND;;5.00;1;0;1;ELECTRICIDAD;ACTIVO
ELE-0065;DRIVER TIPO BALASTRO;UND;;0;20;0;20;ELECTRICIDAD;ACTIVO
MAT-0067;DISCOS FLAP;UND;;4.00;16;6;10;MATERIALES;ACTIVO
MAT-0068;DISCOS MORADOS QUITA PINTURA;UND;;4.00;1;0;1;MATERIALES;ACTIVO
ELE-0066;"DISCO CORTE 7""";UND;;3.02;8;2;6;ELECTRICIDAD;ACTIVO
ELE-0067;"DISCOS CORTE 4.5""";UND;;0.78;10;10;0;ELECTRICIDAD;ACTIVO
ELE-0068;"DISCO TRONZADORA 14""";UND;;5.43;3;2;1;ELECTRICIDAD;ACTIVO
ELE-0069;"DISCO SIERRA 4""";UND;;5.30;3;2;1;ELECTRICIDAD;ACTIVO
ELE-0070;DEKORAL SATINADO;GALON;;25.05;1;1;0;ELECTRICIDAD;ACTIVO
ELE-0071;DESENGRASANTE;LT;;7.00;3;3;0;ELECTRICIDAD;ACTIVO
ELE-0072;"DISCO FLAP 4.5""";UND;;5.12;21;1;20;ELECTRICIDAD;ACTIVO
ELE-0073;DISCO CORTE CONCRETO;UND;;21.02;1;1;0;ELECTRICIDAD;ACTIVO
PLO-0043;ESLINGA;UND;;42.00;2;0;2;PLOMERIA;ACTIVO
HER-0016;1/4 EPOMOM FONDO POLIAMIDA A-B;UND;;0;0;0;0;HERRAMIENTAS;ACTIVO
CON-0066;1/4 ESMALTE GRIS BRILLANTE SIN ETIQUETA;UND;;0;1;0;1;CONSUMIBLES;ACTIVO
MAT-0069;"ESQUELETO RODILLO MINIROLLER 1""";UND;;5.00;2;0;2;MATERIALES;ACTIVO
MAT-0070;ESPATULA MEDIANA;UND;;12.12;3;2;1;MATERIALES;ACTIVO
ELE-0074;ENCHUFE 2 POLOS + TIERRA;UND;;2.86;1;1;0;ELECTRICIDAD;ACTIVO
ELE-0075;"ELECTRODOS 1/8"" 7018";UND;;7.00;1;1;0;ELECTRICIDAD;ACTIVO
CON-0067;ESTOPA BLANCA 150GR;UND;;3.35;4;4;0;CONSUMIBLES;ACTIVO
CON-0068;ESPUMA EXPANSIVA 750ML;UND;;12.00;4;4;0;CONSUMIBLES;ACTIVO
ELE-0076;ELECTRODO (UND);UND;;0.02;280;280;0;ELECTRICIDAD;ACTIVO
ELE-0077;"ESQUELETO RODILLO MINIROLLER 2""";UND;;1.50;35;0;35;ELECTRICIDAD;ACTIVO
ELE-0078;"ESQUELETO RODILLO MINIROLLER 4""";UND;;6.11;13;2;11;ELECTRICIDAD;ACTIVO
ELE-0079;ELECTRODO 3/32 6013;UND;;6.03;10;5;5;ELECTRICIDAD;ACTIVO
PLO-0044;"ESQUELETO RODILLO GRANDE 9"" NUEVO";UND;;5.17;8;2;6;PLOMERIA;ACTIVO
ELE-0080;"ESQUELETO RODILLO GRANDE 9"" USADO";UND;;3.63;3;0;3;ELECTRICIDAD;ACTIVO
MAT-0071;EXTENSIONES RODILLO 1.5–3M;UND;;0;4;1;3;MATERIALES;ACTIVO
PLO-0045;ENVASES TIPO SPRAY;UND;;0;5;5;0;PLOMERIA;ACTIVO
PLO-0046;ENCHUFES TRIFASICOS;UND;;6.00;6;2;4;PLOMERIA;ACTIVO
PLO-0047;"ESTRUCTURA RODILLO 2""";UND;;5.50;44;0;44;PLOMERIA;ACTIVO
ELE-0081;EXTRACTOR DE AIRE;UND;;50.00;3;0;3;ELECTRICIDAD;ACTIVO
ELE-0082;MOTAFIX SATINADO SOFITO;GALON;;67.77;4;4;0;ELECTRICIDAD;ACTIVO
ELE-0083;ELECTRODOS 1/8;UND;;4.50;140;140;0;ELECTRICIDAD;ACTIVO
ELE-0084;ESPONJA ABRASIVA;UND;;1.26;15;13;2;ELECTRICIDAD;ACTIVO
ELE-0085;ELASTOMERICA COLOR VERDE;GALON;;35.00;1;1;0;ELECTRICIDAD;ACTIVO
PLO-0048;ENCHUFE HULE C/TIERRA;UND;;2.24;1;1;0;PLOMERIA;ACTIVO
ELE-0086;EPOCOTE 550 AZUL;GALON;;630.00;1;1;0;ELECTRICIDAD;ACTIVO
ELE-0087;ESMALTE SATINADO BLANCO;GALON;;54.65;3;3;0;ELECTRICIDAD;ACTIVO
PLO-0049;ESCALERA DE EXTENSION;UND;;158.39;1;1;0;PLOMERIA;ACTIVO
ELE-0088;ENCHUFE HULE C/TIERRA;UND;;2.24;1;1;0;ELECTRICIDAD;ACTIVO
PLO-0050;EPOCOTE 550 AZUL;GALON;;630.00;1;1;0;PLOMERIA;ACTIVO
ELE-0089;ESPONJA MULTIUSO;UND;;1.63;1;1;0;ELECTRICIDAD;ACTIVO
ELE-0090;"ESPATULAS 1""";UND;;8.63;6;2;4;ELECTRICIDAD;ACTIVO
ELE-0091;ESQUINERO MET PERF;UND;;1.80;190;190;0;ELECTRICIDAD;ACTIVO
ELE-0092;FORMICA NEGRO REAL;UND;;25.00;2;2;0;ELECTRICIDAD;ACTIVO
ELE-0093;FONDO ANTICORROSIVO BLANCO FLAMUCO;LT;;30.00;0.25;0;0.25;ELECTRICIDAD;ACTIVO
ELE-0094;FERTILIZANTE 25KG;SACO;;25.00;5;2.5;2.5;ELECTRICIDAD;ACTIVO
ELE-0095;FILTRO SECADOR;UND;;11.70;3;2;1;ELECTRICIDAD;ACTIVO
ELE-0096;FIBRA DE MICROPROPILENO;PAQ;;8.00;24;24;0;ELECTRICIDAD;ACTIVO
ELE-0097;FORMICA B-25 BLANCO BRILLANTE;UND;;20.00;25;22;3;ELECTRICIDAD;ACTIVO
ELE-0098;FORZA PEGA AMARILLA 7KG;UND;;48.00;2;2;0;ELECTRICIDAD;ACTIVO
ELE-0099;FONDO ANTI ARCALINO;LT;;30.00;1;1;0;ELECTRICIDAD;ACTIVO
ELE-0100;FONDO GRIS;LT;;36.00;0;0;0;ELECTRICIDAD;ACTIVO
ELE-0101;FILTRO DE REFRIGERACION;UND;;2.60;1;0;1;ELECTRICIDAD;ACTIVO
ELE-0102;FILTRO ATLAS;UND;;290.00;1;0;1;ELECTRICIDAD;ACTIVO
ELE-0103;FREGADERO ACERO INOXIDABLE;UND;;20.00;1;1;0;ELECTRICIDAD;ACTIVO
ELE-0104;FORMICA HAYA MATE 122X244 0.6MM;UND;;25.00;52;51;1;ELECTRICIDAD;ACTIVO
ELE-0105;FUNDA TERMO FUSION 9X6;UND;;5.17;1;1;0;ELECTRICIDAD;ACTIVO
ELE-0106;FORMICA BLANCO MATE;UND;;20.00;2;2;0;ELECTRICIDAD;ACTIVO
ELE-0107;1/4 GOTAFIX ASFALTO ELASTICO;LT;;12.50;1;0;1;ELECTRICIDAD;ACTIVO
MAT-0072;GALON DE CLORO;GALON;;1.58;11.5;11.5;0;MATERIALES;ACTIVO
MAT-0073;GALON PINTURA MARFIL RAFIA AV2000;GALON;;35.32;1;1;0;MATERIALES;ACTIVO
ELE-0108;GALON PINTURA ROJO MALAGA;GALON;;35.32;1;0;1;ELECTRICIDAD;ACTIVO
ELE-0109;GALON PINTURA SIKAFIL ROJO CAUCHO;GALON;;50.00;1;0;1;ELECTRICIDAD;ACTIVO
ELE-0110;PINTURA SOFITO ESMALTE BASE INTERMEDIA;GALON;;35.00;5;5;0;ELECTRICIDAD;ACTIVO
ELE-0111;PROBASE SELLADOR ACRILICO SHERWIN;GALON;;12.50;0;0;0;ELECTRICIDAD;ACTIVO
ELE-0112;SELLACRIL MONTANA;GALON;;27.00;0;0;0;ELECTRICIDAD;ACTIVO
ELE-0113;SELLADOR NITRO MULTILAC;GALON;;40.00;3;3;0;ELECTRICIDAD;ACTIVO
ELE-0114;TINTA CARAMELO PREPARADA;GALON;;0;0;0;0;ELECTRICIDAD;ACTIVO
CON-0069;TINTA CAOBA PREPARADA;GALON;;0;0.5;0;0.5;CONSUMIBLES;ACTIVO
CON-0070;TINTA PREPARADA POTE BLANCO;GALON;;0;0.25;0;0.25;CONSUMIBLES;ACTIVO
CON-0071;DEKORAL MATE AZUL UNIVERSO;GALON;;35.32;4;4;0;CONSUMIBLES;ACTIVO
CON-0072;SELLADOR JUNTA CERAMICA ATRIA;UND;;0;5;0;5;CONSUMIBLES;ACTIVO
CON-0073;GUANTES CARNAZA CORTOS;PAR;;5.00;15;12;0;CONSUMIBLES;ACTIVO
CON-0074;GANCHOS PARA TECHO;UND;;2.60;40;0;40;CONSUMIBLES;ACTIVO
CON-0075;GUANTES DE TELA;PAR;;2.90;10;10;0;CONSUMIBLES;ACTIVO
CON-0076;GRIFERIA FREGADERO INDIVIDUAL CROMADO;UND;;8.24;7;2;5;CONSUMIBLES;ACTIVO
CON-0077;GUANTES TEJIDOS C/PUNTOS;PAR;;4.70;143;37;106;CONSUMIBLES;ACTIVO
CON-0078;GAS PROPANO SOLDAR;UND;;12.96;3;3;0;CONSUMIBLES;ACTIVO
CON-0079;GRIFERIA PUSH LAVAMANOS;UND;;40.02;3;3;0;CONSUMIBLES;ACTIVO
HER-0017;GRIFERIA PUSH URINARIO;UND;;32.02;2;2;0;HERRAMIENTAS;ACTIVO
PIN-0021;GOMA REDUCTORA LAVAMANOS;UND;;2.50;9;3;5;PINTURA;ACTIVO
PIN-0022;PINTURA PISCINA MONTANA;GALON;;0;1;0;1;PINTURA;ACTIVO
PIN-0023;IMPERMEABILIZANTE EDIL ALUMINIO;GALON;;45.00;1;0;1;PINTURA;ACTIVO
PIN-0024;END ZONE;GALON;;0;2;0;2;PINTURA;ACTIVO
PIN-0025;AV2000 CAUCHO EXTERIOR AZUL MARINO;GALON;;35.32;0;0;0;PINTURA;ACTIVO
CON-0080;ZONE PERFECT;GALON;;0;1;0;1;CONSUMIBLES;ACTIVO
CON-0081;CEMENTO GRIS MONTANA CAUCHO;GALON;;36.00;1;1;0;CONSUMIBLES;ACTIVO
CON-0082;BARNIZ BRILLANTE REINCO;GALON;;38.00;1;0;1;CONSUMIBLES;ACTIVO
CON-0083;BARNIZ CROMAS NATURAL;GALON;;32.00;1;0;1;CONSUMIBLES;ACTIVO
CON-0084;BARNIZ MATE VITRO;GALON;;38.00;1;0;1;CONSUMIBLES;ACTIVO
CON-0085;BARNIZ MENEQUIN NATURAL MATE;GALON;;38.00;0;0;0;CONSUMIBLES;ACTIVO
CON-0086;CEMENTO PLASTICO BITUPLAST;GALON;;21.00;0;0;0;CONSUMIBLES;ACTIVO
CON-0087;LACA ACRILICA AUTOMOTRIZ L15;GALON;;70.00;0.5;0;0.5;CONSUMIBLES;ACTIVO
CON-0088;EPOMOM A+B COLOR GRIS;GALON;;0;2;0;2;CONSUMIBLES;ACTIVO
HER-0018;EPOMOM MONTANA;GALON;;0;0;0;0;HERRAMIENTAS;ACTIVO
HER-0019;ESMALTE BASE PASTEL SATINADO BLANCO;GALON;;69.00;1;0;1;HERRAMIENTAS;ACTIVO
HER-0020;FONDO ANTICORROSIVO ROJO;GALON;;43.00;0.5;0;0.5;HERRAMIENTAS;ACTIVO
HER-0021;GRAPAS ESQUINERAS METAL;PAQ;;1.00;194;0;194;HERRAMIENTAS;ACTIVO
HER-0022;GRAPAS PLASTICAS;PAQ;;2.01;145;0;145;HERRAMIENTAS;ACTIVO
MAT-0074;LACA NITRO BRILLANTE MATE 2001;GALON;;40.00;3;1;2;MATERIALES;ACTIVO
MAT-0075;LACA NITROCELULOSICA MATE VITRO;GALON;;60.00;0;0;0;MATERIALES;ACTIVO
MAT-0076;LACA PREPARADA;GALON;;60.00;0;0;0;MATERIALES;ACTIVO
MAT-0077;LACA PREPARADA TINTA CAOBA;GALON;;60.00;0.5;0;0.5;MATERIALES;ACTIVO
MAT-0078;LACA SEMI BRILLANTE CANO;GALON;;60.00;0.33;0;0.33;MATERIALES;ACTIVO
ELE-0115;PASTA PROFESIONAL PINCO;GALON;;41.89;4;4;0;ELECTRICIDAD;ACTIVO
ELE-0116;PEGA AMARILLA PEGA-SOLD;GALON;;13.00;0.5;0;0.5;ELECTRICIDAD;ACTIVO
ELE-0117;PINTURA AMARILLO CANCHA MANPICA;GALON;;70.02;3;3;0;ELECTRICIDAD;ACTIVO
ELE-0118;PINTURA AZUL ESMALTE SATINADO;GALON;;35.32;0.5;0;0.5;ELECTRICIDAD;ACTIVO
ELE-0119;PINTURA BLANCO DURAZNO MONTANA;GALON;;35.32;0.5;0.5;0;ELECTRICIDAD;ACTIVO
ELE-0120;PINTURA BLANCO PERLA SIN ETIQUETA;GALON;;35.32;41.5;0.5;41;ELECTRICIDAD;ACTIVO
ELE-0121;PINTURA TERRACOTA TECHO;GALON;;35.32;1;0;1;ELECTRICIDAD;ACTIVO
ELE-0122;PINTURA CAUCHO RAL1013;GALON;;35.32;45;42;3;ELECTRICIDAD;ACTIVO
ELE-0123;PINTURA CAUCHO GRIS CONCRETO;GALON;;35.32;1;1;0;ELECTRICIDAD;ACTIVO
MAT-0079;PINTURA VERDE TECHO MONTANA;GALON;;40.00;1.5;1;0.5;MATERIALES;ACTIVO
ELE-0124;PINTURA CHOCOLATE MUESTRA;GALON;;0;1;0;1;ELECTRICIDAD;ACTIVO
ELE-0125;PINTURA EXTERIOR SOFITO A1798;GALON;;35.32;1;1;0;ELECTRICIDAD;ACTIVO
ELE-0126;PINTURA POLIURETANO GRIS + ACTIVADOR;GALON;;56.00;6;4;2;ELECTRICIDAD;ACTIVO
ELE-0127;PINTURA DORADO MATE DEKORAL;GALON;;35.32;1;1;0;ELECTRICIDAD;ACTIVO
ELE-0128;PINTURA ESMALTE BASE PASTEL MONTAFIX;GALON;;40.00;1;1;0;ELECTRICIDAD;ACTIVO
ELE-0129;GRIFERIA METALES ALEADO MODERNO;UND;;293.00;1;1;0;ELECTRICIDAD;ACTIVO
ELE-0130;GRIFERIA DOBLE FREGADERO GRIVER;UND;;30.37;1;1;0;ELECTRICIDAD;ACTIVO
ELE-0131;"UNION GALVANIZADA 1""";UND;;81.63;2;2;0;ELECTRICIDAD;ACTIVO
ELE-0132;GAS R22 CILINDRO;UND;;30.00;26;26;0;ELECTRICIDAD;ACTIVO
ELE-0133;PINTURA IMPERMEABILIZANTE ROJO SUPER A;GALON;;49.30;1;0;1;ELECTRICIDAD;ACTIVO
HER-0023;LACA NITRO BRILLANTE TRANSPARENTE;GALON;;50.00;1;1;0;HERRAMIENTAS;ACTIVO
HER-0024;HERRAJE DE POCETA;UND;;18.01;3;3;0;HERRAMIENTAS;ACTIVO
CON-0089;HORNO SANKEY;UND;;330.00;4;2;2;CONSUMIBLES;ACTIVO
CON-0090;HOJA DE SEGUETA;UND;;0.79;2;2;0;CONSUMIBLES;ACTIVO
CON-0091;IMPERCOAT VERDE GALON;GALON;;46.75;3;3;0;CONSUMIBLES;ACTIVO
CON-0092;IMPERCOAT PLUS BLANCO CUÑETE;CUÑ;;168.46;1;0.5;0.5;CONSUMIBLES;ACTIVO
CON-0093;IMPERCOAT PLUS BLANCO GALON;GALON;;44.33;10;10;0;CONSUMIBLES;ACTIVO
ELE-0134;IMPERCOAT VERDE CUÑETE;CUÑ;;46.75;1;1;0;ELECTRICIDAD;ACTIVO
ELE-0135;KIT CONEXION CROMADO BAÑO;UND;;28.02;2;2;0;ELECTRICIDAD;ACTIVO
ELE-0136;JABON MULTIUSO;UND;;0;21;21;0;ELECTRICIDAD;ACTIVO
ELE-0137;JUEGO DESTORNILLADORES;UND;;4.25;1;1;0;ELECTRICIDAD;ACTIVO
ELE-0138;KIT POLIURETANO GRIS SUAVE;UND;;83.00;2;0;2;ELECTRICIDAD;ACTIVO
ELE-0139;LANILLAS AMARILLAS;PAQ;;2.50;14;9;5;ELECTRICIDAD;ACTIVO
ELE-0140;SPRAY ROSA FLUORESCENTE ABRACOL;UND;;0;1;1;0;ELECTRICIDAD;ACTIVO
ELE-0141;SPRAY NEGRO ALADINO;UND;;4.67;2;1;1;ELECTRICIDAD;ACTIVO
ELE-0142;ACEITE MOTOR CRAFT 10W30;LT;;0;0.5;0;0.5;ELECTRICIDAD;ACTIVO
ELE-0143;ACEITE QUEMADO;LT;;0;1;0;1;ELECTRICIDAD;ACTIVO
ELE-0144;QUEROSEN;LT;;0;0.5;0;0.5;ELECTRICIDAD;ACTIVO
ELE-0145;LAMINAS PVC 3M DE 6 X 0.25;UND;;17.19;89;89;0;ELECTRICIDAD;ACTIVO
ELE-0146;LACA NITRO MARCA REINCO;LT;;60.00;0.5;0;0.5;ELECTRICIDAD;ACTIVO
CON-0094;LACA TRANSPARENTE MATE 200;LT;;60.00;2;0;2;CONSUMIBLES;ACTIVO
ELE-0147;LACA AL ACIDO MARCA QUIMIDAL;LT;;45.00;2;0;2;ELECTRICIDAD;ACTIVO
HER-0025;LACA INTRACELULOSICA;LT;;50.00;0.5;0;0.5;HERRAMIENTAS;ACTIVO
ELE-0148;LAMPARA LED 8W;UND;;3.65;4;4;0;ELECTRICIDAD;ACTIVO
PLO-0051;LANA DE ACERO #3;PAQ;;1.07;2;2;0;PLOMERIA;ACTIVO
ELE-0149;LOXON TECHO IMPERMEABILIZANTE FIBRADO B;GALON;;34.48;1;0;1;ELECTRICIDAD;ACTIVO
CON-0095;LIMPIA POCETAS;LT;;3.15;9;1;8;CONSUMIBLES;ACTIVO
PIN-0026;LAVAPLATOS LIQUIDO;LT;;4.63;1;1;0;PINTURA;ACTIVO
CON-0096;LIMPIAVIDRIOS;LT;;4.63;1;0;1;CONSUMIBLES;ACTIVO
CON-0097;LOXON INT MATE EW 6098;GALON;;44.83;1;1;0;CONSUMIBLES;ACTIVO
CON-0098;LOXON INT MATE EW 6099;GALON;;44.83;1;1;0;CONSUMIBLES;ACTIVO
PIN-0027;LOXON INT MATE BASE EW 9001;GALON;;44.83;1;1;0;PINTURA;ACTIVO
PIN-0028;LIJAS 180#;UND;;1.50;191;91;100;PINTURA;ACTIVO
HER-0026;LAMINA MDF 2.44X1.82X12MM;UND;;25.00;3;3;0;HERRAMIENTAS;ACTIVO
ELE-0150;TINTA CARAMELO MULTILAC;LT;;1.30;11;10;1;ELECTRICIDAD;ACTIVO
ELE-0151;TINTA CEDRO MULTILAC;LT;;1.30;1;0;1;ELECTRICIDAD;ACTIVO
CON-0099;TINTA MENEQUIN CARAMELO;LT;;1.30;0.5;0;0.5;CONSUMIBLES;ACTIVO
ELE-0152;TINTA ROJO MULTILAC;LT;;1.30;2;0;2;ELECTRICIDAD;ACTIVO
PIN-0029;TINTA WUENGUE;LT;;1.30;1;0;1;PINTURA;ACTIVO
PIN-0030;TINTA MADERA SIN NOMBRE;LT;;0;0.67;0;0.67;PINTURA;ACTIVO
PIN-0031;LIMPIASANITARIOS;LT;;5.00;8;0;8;PINTURA;ACTIVO
CON-0100;LAMINAS ARMSTRONG 60X60;UND;;50.00;0;0;0;CONSUMIBLES;ACTIVO
CON-0101;LAMPARAS 60X60;UND;;18.00;2;0;2;CONSUMIBLES;ACTIVO
CON-0102;LAMINAS ARMSTRONG 60X120 COD 1729A;UND;;4.17;81;60;21;CONSUMIBLES;ACTIVO
PIN-0032;LAMPARAS EMPOTRABLES 18W;UND;;8.00;8;1;7;PINTURA;ACTIVO
MAT-0080;LAMPARA OVALADA CON PROTECTOR;UND;;8.00;1;0;1;MATERIALES;ACTIVO
MAT-0081;LIJAS #80;UND;;0.50;175;120;57;MATERIALES;ACTIVO
HER-0027;LIJAS #120;UND;;0.50;80;40;40;HERRAMIENTAS;ACTIVO
HER-0028;LIMPIADOR DIELÉCTRICO FRASCOS;UND;;10.80;15;15;0;HERRAMIENTAS;ACTIVO
MAT-0082;LIJAS #280;UND;;0.50;178;178;0;MATERIALES;ACTIVO
CON-0103;LIJAS #220;UND;;2.09;270;170;100;CONSUMIBLES;ACTIVO
HER-0029;LENTES DE SEGURIDAD;UND;;0.63;152;45;56;HERRAMIENTAS;ACTIVO
CON-0104;LOXON INT MATE EW 6057;GALON;;44.83;2;1;1;CONSUMIBLES;ACTIVO
ELE-0153;LAMPARAS LED TIPO PATINES;UND;;75.08;2;0;2;ELECTRICIDAD;ACTIVO
MAT-0083;LIMPIA CERAMICA;LT;;10.00;5.5;5.5;0;MATERIALES;ACTIVO
ELE-0154;LAMPARAS DE PISO EXTERIOR;UND;;0;9;9;0;ELECTRICIDAD;ACTIVO
ELE-0155;LAMINAS ARMSTRONG 1.20X60;UND;;0;22;18;4;ELECTRICIDAD;ACTIVO
ELE-0156;LANA DE ACERO #5;PAQ;;6.00;5;4;1;ELECTRICIDAD;ACTIVO
ELE-0157;LIMPOTEX;LT;;3.64;7;6;1;ELECTRICIDAD;ACTIVO
ELE-0158;LAMPARA COLGANTE ORO 1767 ZX;UND;;217.67;4;4;0;ELECTRICIDAD;ACTIVO
ELE-0159;LAMPARA LED RECARGABLE 40W 30CM;UND;;8.47;2;2;0;ELECTRICIDAD;ACTIVO
ELE-0160;LIJA #400;UND;;0.25;50;20;30;ELECTRICIDAD;ACTIVO
ELE-0161;LIJA #100;UND;;1.55;300;152;148;ELECTRICIDAD;ACTIVO
ELE-0162;LLAVE DE ARRESTO 1/2;UND;;7.50;11;9;2;ELECTRICIDAD;ACTIVO
ELE-0163;LLAVE DE CHORRO BRONCE 1/2;UND;;8.00;5;2;3;ELECTRICIDAD;ACTIVO
ELE-0164;LLAVE TIPO GANSA AGUA PURIFICADA;UND;;3.02;1;1;0;ELECTRICIDAD;ACTIVO
ELE-0165;MASILLA RELLENO MUDLO 5KG;UND;;7.00;32;31;1;ELECTRICIDAD;ACTIVO
ELE-0166;MOSAICO AZUL 60X60;UND;;37.84;4.5;4.5;0;ELECTRICIDAD;ACTIVO
ELE-0167;MANGUERA RIEGO 3/4 MTR;MTR;;25.99;100;0;100;ELECTRICIDAD;ACTIVO
PLO-0052;MALLA TRUCKSON 6X6X50M;UND;;0;4;4;0;PLOMERIA;ACTIVO
PLO-0053;MALLA TRUCKSON 6X6X100M;UND;;290.00;5;5;0;PLOMERIA;ACTIVO
PLO-0054;MECHA 1/8 METAL;UND;;0.16;2;2;0;PLOMERIA;ACTIVO
PLO-0055;MEZCLILLA;UND;;38.00;25;25;0;PLOMERIA;ACTIVO
PLO-0056;MALLA PARA CERNIR;UND;;0;1.2;0;1.2;PLOMERIA;ACTIVO
PLO-0057;MANGUERA AIRE 15M;UND;;16.67;4;1;3;PLOMERIA;ACTIVO
PLO-0058;MANOMETRO REFRIGERACION SIN MANGUERAS;UND;;28.50;1;0;1;PLOMERIA;ACTIVO
PLO-0059;MICROFONOS CONFERENCIALES NUEVOS;UND;;0;1;0;1;PLOMERIA;ACTIVO
PLO-0060;MECHA CORTA FORMICA 1/8;UND;;0.10;2;2;0;PLOMERIA;ACTIVO
PLO-0061;MECHA CONCRETO 1/4;UND;;5.00;2;0;2;PLOMERIA;ACTIVO
PLO-0062;MANGUERA CULEBRA VERDE;MTR;;1.40;200;50;150;PLOMERIA;ACTIVO
PLO-0063;MASCARILLAS NEGRAS VIEJAS;UND;;0;0;0;0;PLOMERIA;ACTIVO
PLO-0064;MASILLA POLIESTER ILOFLEX + ENDURECEDOR;UND;;22.00;6;5;1;PLOMERIA;ACTIVO
PLO-0065;MAXIM ADVANCE GAL;GALON;;0;8;0;8;PLOMERIA;ACTIVO
PLO-0066;MANTO REAL;UND;;0;1;1;0;PLOMERIA;ACTIVO
PLO-0067;MAQUINA OVERLOCK;UND;;350.00;1;1;0;PLOMERIA;ACTIVO
PLO-0068;MIXTO;UND;;5.35;2;1;1;PLOMERIA;ACTIVO
PLO-0069;MECHAS CONCRETO 5/8;UND;;3.40;5;0;5;PLOMERIA;ACTIVO
CON-0105;MECHAS HERRERIA;UND;;3.50;12;0;12;CONSUMIBLES;ACTIVO
CON-0106;MOPAS;UND;;7.00;0;0;0;CONSUMIBLES;ACTIVO
CON-0107;MECHAS MADERA;UND;;3.08;2;0;2;CONSUMIBLES;ACTIVO
MAT-0084;MANTO STANDARD 2.7MM;UND;;52.21;68;66;2;MATERIALES;ACTIVO
MAT-0085;MECHA 1/4 METAL PUNTA BRONCE;UND;;1.90;1;1;0;MATERIALES;ACTIVO
MAT-0086;MECHA 7/16 X 15CM CONCRETO;UND;;1.90;1;1;0;MATERIALES;ACTIVO
CON-0108;MECHAS VARIAS PAQ;PAQ;;6.90;1;1;0;CONSUMIBLES;ACTIVO
CON-0109;MASILLA PLASTICA 1/4 GAL;GALON;;16.78;1;1;0;CONSUMIBLES;ACTIVO
PLO-0070;MANGO DE RODILLO;UND;;8.62;4;1;3;PLOMERIA;ACTIVO
PLO-0071;MECHA 1/8 HIERRO;UND;;1.24;4;4;0;PLOMERIA;ACTIVO
PLO-0072;NIPLE GALVANIZADO 1/2 X 3;UND;;7.73;3;3;0;PLOMERIA;ACTIVO
ELE-0168;NIPLE ACERO INOX 1/2 X 15;UND;;10.50;5;3;2;ELECTRICIDAD;ACTIVO
ELE-0169;NAYLON DESMALEZADORA;MTR;;14.00;400;240;160;ELECTRICIDAD;ACTIVO
PLO-0073;NAILON PARA PESCAR;MTR;;5.00;101;2;99;PLOMERIA;ACTIVO
PLO-0074;NIPLE GALV 1 X 2;UND;;2.29;1;1;0;PLOMERIA;ACTIVO
ELE-0170;NIPLE SEMICORRIDO HIERRO GALV;UND;;2.04;1;1;0;ELECTRICIDAD;ACTIVO
ELE-0171;OXIDO NEGRO BAYC;KG;;12.61;16;16;0;ELECTRICIDAD;ACTIVO
ELE-0172;OXIDO MARRON BAY;KG;;7.18;35;35;0;ELECTRICIDAD;ACTIVO
PLO-0075;OMEGAS;UND;;2.03;239;125;14;PLOMERIA;ACTIVO
PLO-0076;OXIMETRO;UND;;0;24;0;24;PLOMERIA;ACTIVO
PLO-0077;"PAPEL 9"" SANITISU PAQ";PAQ;;12.50;12;8;4;PLOMERIA;ACTIVO
PLO-0078;PRIDE;UND;;9.50;3;3;0;PLOMERIA;ACTIVO
PLO-0079;PLASTICO LIQUIDO 1/4 MATE REINCO;LT;;15.00;0.5;0;0.5;PLOMERIA;ACTIVO
MAT-0087;PINTURA DEKORAL BLANCO MATE;GALON;;35.00;16;15;1;MATERIALES;ACTIVO
MAT-0088;PINTURA MONTAFIX SATINADO CHOCOLATE;GALON;;60.00;60;27;33;MATERIALES;ACTIVO
PLO-0080;PINTURA SHERWIN BASE INTERIOR CAUCHO;GALON;;35.32;0;0;0;PLOMERIA;ACTIVO
MAT-0089;PINTURA INTERIOR 9010;GALON;;17.52;90;68;22;MATERIALES;ACTIVO
PLO-0081;PINTURA SHERWIN EXTERIOR MATE CAUCHO;GALON;;35.32;0.5;0;0.5;PLOMERIA;ACTIVO
PLO-0082;PINTURA SHERWIN BLANCO MODERNO LOXON;GALON;;35.32;1;0;1;PLOMERIA;ACTIVO
PLO-0083;PINTURA BRILLO SEDA BLANCA AV2000;GALON;;60.00;2;2;0;PLOMERIA;ACTIVO
PLO-0084;PLASTICO NEGRO MTR;MTR;;5.25;48;10;40;PLOMERIA;ACTIVO
MAT-0090;PANEL 18W CUAD BLANCO 6500K;UND;;0;2;2;0;MATERIALES;ACTIVO
MAT-0091;PERFIL PIZARRA 1X1X1/8;UND;;23.00;2;2;0;MATERIALES;ACTIVO
MAT-0092;PISA VIDRIOS 0.20X0.26;UND;;0;68;0;68;MATERIALES;ACTIVO
MAT-0093;PISA VIDRIOS 0.13X29;UND;;0;30;0;30;MATERIALES;ACTIVO
MAT-0094;POLVILLO;UND;;0;4;4;0;MATERIALES;ACTIVO
MAT-0095;PEGA CEMENTO 1/8 PVC;UND;;2.00;2;2;0;MATERIALES;ACTIVO
MAT-0096;PLATINA 1 1/4X3/16X6M;UND;;0;1;1;0;MATERIALES;ACTIVO
MAT-0097;PIZARRAS ACRILICAS PERFIL MADERA;UND;;0;4;0;4;MATERIALES;ACTIVO
MAT-0098;PUERTA LISA C/CERRAD 2X0.80 DERECHA;UND;;0;1;1;;;
